age_group,num_deaths,pct_of_deaths
30-39,3,0.004010695187165776
40-49,7,0.009358288770053475
50-59,37,0.04946524064171123
60-69,84,0.11229946524064172
70-79,163,0.2179144385026738
80-89,252,0.33689839572192515
90-99,189,0.25267379679144386
100+,13,0.017379679144385027
