age_group,num_deaths,pct_of_deaths
30-39,1,0.0016051364365971107
40-49,6,0.009630818619582664
50-59,33,0.052969502407704656
60-69,70,0.11235955056179775
70-79,137,0.21990369181380418
80-89,206,0.3306581059390048
90-99,161,0.25842696629213485
100+,9,0.014446227929373997
