age_group,num_deaths,pct_of_deaths
30-39,3,0.004103967168262654
40-49,7,0.009575923392612859
50-59,37,0.0506155950752394
60-69,78,0.106703146374829
70-79,160,0.2188782489740082
80-89,248,0.3392612859097127
90-99,186,0.25444596443228457
100-109,12,0.016415868673050615
