age_group,num_deaths,pct_of_deaths
30-39,1,0.002070393374741201
40-49,5,0.010351966873706004
50-59,21,0.043478260869565216
60-69,59,0.12215320910973085
70-79,110,0.2277432712215321
80-89,159,0.32919254658385094
90-99,122,0.2525879917184265
100-109,7,0.014492753623188406
