age_group,num_deaths,pct_of_deaths
30-39,1,0.0016286644951140066
40-49,6,0.009771986970684038
50-59,32,0.05211726384364821
60-69,70,0.11400651465798045
70-79,135,0.21986970684039087
80-89,203,0.3306188925081433
90-99,158,0.25732899022801303
100+,9,0.014657980456026058
