age_group,num_deaths,pct_of_deaths
30-39,1,0.001692047377326565
40-49,6,0.01015228426395939
50-59,29,0.049069373942470386
60-69,69,0.116751269035533
70-79,131,0.22165820642978004
80-89,194,0.32825719120135366
90-99,152,0.2571912013536379
100+,9,0.015228426395939087
